conn_hash	stmt_id	exec_id	exec_time	sql_type	exe_status	db_ip	client_ip	client_host	app_name	db_user	sql_hash	from_tbs	select_cols	sql_stmt	stmt_bind_vars
conn_17040505487926687103	665	9	2024-11-16 12:08:55	INSERT	FAILURE	192.168.126.127	10.0.227.36	host_55	app_3	user_6	hash_6516300892690913526	tbs_1	N/A	INSERT INTO table_3 (id, name, age, salary) VALUES (64, 'John Doe', 23, 9373)	bind_vars_example
conn_12275873497614863711	580	2	2024-11-16 12:08:55	SELECT	FAILURE	192.168.206.165	10.0.254.47	host_34	app_1	user_5	hash_15095316763884665602	tbs_3	department, id, id, age	SELECT age, age FROM table_4 WHERE department = 'HR' AND salary < 7850	bind_vars_example
conn_16998386442361372659	916	5	2024-11-16 12:08:55	SELECT	FAILURE	192.168.13.72	10.0.212.230	host_1	app_1	user_7	hash_16787236203644063951	tbs_1	salary, age, department, department	SELECT department, age, department FROM table_2 WHERE department = 'HR'	bind_vars_example
conn_17670885625769850439	870	10	2024-11-16 12:08:55	UPDATE	SUCCESS	192.168.110.43	10.0.38.194	host_81	app_2	user_1	hash_17355914613806163019	tbs_4	N/A	UPDATE table_1 SET salary = 8019 WHERE salary < 5776 AND department = 'Sales' AND salary < 5776	bind_vars_example
conn_3945452186463028969	468	10	2024-11-16 12:08:55	UPDATE	SUCCESS	192.168.138.176	10.0.72.214	host_95	app_4	user_2	hash_17485019348313437642	tbs_4	N/A	UPDATE table_1 SET salary = 7307 WHERE salary < 3013 AND age > 31	bind_vars_example
conn_8545145235973915394	366	5	2024-11-16 12:08:55	SELECT	SUCCESS	192.168.102.226	10.0.59.98	host_44	app_1	user_2	hash_9033422034146155079	tbs_1	salary, name, salary	SELECT id, id FROM table_4 WHERE salary < 3375 AND name LIKE 'C%'	bind_vars_example
conn_5178054345459969068	966	1	2024-11-16 12:08:55	INSERT	SUCCESS	192.168.137.27	10.0.204.248	host_39	app_4	user_6	hash_12291195731255619211	tbs_3	N/A	INSERT INTO table_4 (id, name, age, salary) VALUES (65, 'John Doe', 36, 4397)	bind_vars_example
conn_2567196225250632751	498	3	2024-11-16 12:08:55	SELECT	FAILURE	192.168.21.156	10.0.170.118	host_29	app_2	user_4	hash_5554528853295274068	tbs_1	name, age, salary, age	SELECT id, name FROM table_4 WHERE name LIKE 'B%' AND salary < 6749	bind_vars_example
conn_347980228350601930	485	5	2024-11-16 12:08:55	INSERT	FAILURE	192.168.137.215	10.0.124.16	host_72	app_1	user_4	hash_11766216230036773102	tbs_3	N/A	INSERT INTO table_4 (id, name, age, salary) VALUES (38, 'John Doe', 20, 3340)	bind_vars_example
conn_15396610391178554288	514	8	2024-11-16 12:08:55	INSERT	SUCCESS	192.168.14.164	10.0.192.86	host_58	app_2	user_9	hash_9624876693010974086	tbs_4	N/A	INSERT INTO table_1 (id, name, age, salary) VALUES (19, 'John Doe', 24, 6779)	bind_vars_example
conn_8468133934103757820	342	4	2024-11-16 12:08:55	UPDATE	FAILURE	192.168.35.110	10.0.176.144	host_50	app_3	user_4	hash_3132507350092804582	tbs_3	N/A	UPDATE table_1 SET salary = 7191 WHERE age > 41	bind_vars_example
conn_13313603934134136156	520	4	2024-11-16 12:08:55	INSERT	SUCCESS	192.168.107.188	10.0.251.163	host_83	app_4	user_8	hash_2262276225124704394	tbs_4	N/A	INSERT INTO table_4 (id, name, age, salary) VALUES (17, 'John Doe', 41, 5856)	bind_vars_example
conn_463872530814808101	684	2	2024-11-16 12:08:55	UPDATE	SUCCESS	192.168.8.167	10.0.122.88	host_92	app_2	user_4	hash_16233915124505959427	tbs_3	N/A	UPDATE table_4 SET salary = 7010 WHERE department = 'Sales'	bind_vars_example
conn_16216912982153794035	234	6	2024-11-16 12:08:55	UPDATE	SUCCESS	192.168.37.89	10.0.57.137	host_59	app_2	user_7	hash_11870038200987124737	tbs_2	N/A	UPDATE table_1 SET salary = 8149 WHERE salary < 5683	bind_vars_example
conn_10952597520220008197	385	1	2024-11-16 12:08:55	SELECT	FAILURE	192.168.35.163	10.0.218.44	host_56	app_2	user_7	hash_8683697203983225925	tbs_4	name	SELECT age, salary FROM table_2 WHERE department = 'Sales'	bind_vars_example
conn_2776659667130727928	761	1	2024-11-16 12:08:55	UPDATE	SUCCESS	192.168.6.128	10.0.122.158	host_65	app_2	user_7	hash_3849399858606945140	tbs_1	N/A	UPDATE table_4 SET salary = 7546 WHERE age > 31 AND age > 31	bind_vars_example
conn_8293130064408509648	148	3	2024-11-16 12:08:55	UPDATE	FAILURE	192.168.249.42	10.0.196.38	host_65	app_1	user_8	hash_285701748127472433	tbs_1	N/A	UPDATE table_3 SET salary = 6538 WHERE age > 26	bind_vars_example
conn_1713049987244656524	914	10	2024-11-16 12:08:55	UPDATE	FAILURE	192.168.113.66	10.0.147.73	host_21	app_4	user_5	hash_5698344466020544704	tbs_3	N/A	UPDATE table_2 SET salary = 5988 WHERE salary < 7527 AND salary < 7527 AND department = 'Sales'	bind_vars_example
conn_2797691201262114545	792	9	2024-11-16 12:08:55	DELETE	FAILURE	192.168.131.197	10.0.182.77	host_83	app_4	user_9	hash_10505254334014662807	tbs_2	N/A	DELETE FROM table_4 WHERE name LIKE 'A%' AND salary < 4305 AND age > 48	bind_vars_example
conn_1338090209870088060	385	9	2024-11-16 12:08:55	DELETE	FAILURE	192.168.33.0	10.0.199.187	host_87	app_2	user_1	hash_16403001788740255316	tbs_2	N/A	DELETE FROM table_4 WHERE salary < 4126 AND salary < 4126	bind_vars_example
conn_3077417496962689808	310	4	2024-11-16 12:08:55	DELETE	SUCCESS	192.168.241.189	10.0.14.142	host_64	app_2	user_7	hash_7180240217780024782	tbs_4	N/A	DELETE FROM table_1 WHERE age > 41 AND department = 'Engineering' AND department = 'Engineering'	bind_vars_example
conn_8783242556598236541	30	8	2024-11-16 12:08:55	INSERT	SUCCESS	192.168.246.168	10.0.46.238	host_79	app_3	user_8	hash_11467868761943642718	tbs_2	N/A	INSERT INTO table_1 (id, name, age, salary) VALUES (15, 'John Doe', 42, 9351)	bind_vars_example
conn_16727231957576183325	564	7	2024-11-16 12:08:55	SELECT	FAILURE	192.168.91.252	10.0.19.121	host_76	app_4	user_9	hash_8647570283080007645	tbs_1	salary, department, salary, id	SELECT age, id, department FROM table_3 WHERE age > 34 AND name LIKE 'B%' AND department = 'Engineering'	bind_vars_example
conn_2089258133890816127	90	10	2024-11-16 12:08:55	INSERT	FAILURE	192.168.70.232	10.0.161.94	host_93	app_2	user_5	hash_8199866988531442185	tbs_3	N/A	INSERT INTO table_2 (id, name, age, salary) VALUES (69, 'John Doe', 33, 4364)	bind_vars_example
conn_9658099060400578733	820	8	2024-11-16 12:08:55	INSERT	SUCCESS	192.168.240.112	10.0.56.153	host_89	app_3	user_5	hash_1698972303360032193	tbs_1	N/A	INSERT INTO table_1 (id, name, age, salary) VALUES (11, 'John Doe', 44, 7038)	bind_vars_example
conn_10742044825328323161	72	5	2024-11-16 12:08:55	SELECT	SUCCESS	192.168.30.99	10.0.164.122	host_64	app_4	user_4	hash_9349649386600409220	tbs_3	id	SELECT id FROM table_3 WHERE salary < 4218 AND age > 39	bind_vars_example
conn_1628089121939961579	831	10	2024-11-16 12:08:55	INSERT	FAILURE	192.168.185.148	10.0.3.159	host_44	app_3	user_6	hash_5187003801302891473	tbs_1	N/A	INSERT INTO table_4 (id, name, age, salary) VALUES (40, 'John Doe', 21, 9570)	bind_vars_example
conn_2290206984170902880	239	7	2024-11-16 12:08:55	INSERT	SUCCESS	192.168.23.139	10.0.77.104	host_7	app_1	user_8	hash_9667726166134970800	tbs_1	N/A	INSERT INTO table_2 (id, name, age, salary) VALUES (98, 'John Doe', 25, 8796)	bind_vars_example
conn_4038675268652375266	444	9	2024-11-16 12:08:55	SELECT	SUCCESS	192.168.204.168	10.0.232.144	host_24	app_1	user_6	hash_6190704601862744953	tbs_3	age, name, id	SELECT salary FROM table_1 WHERE department = 'Engineering' AND name LIKE 'A%'	bind_vars_example
conn_18203964343639336973	390	9	2024-11-16 12:08:55	INSERT	FAILURE	192.168.48.143	10.0.57.233	host_53	app_2	user_8	hash_295340930630401911	tbs_2	N/A	INSERT INTO table_3 (id, name, age, salary) VALUES (36, 'John Doe', 25, 6639)	bind_vars_example
conn_2825912325716128171	12	6	2024-11-16 12:08:55	INSERT	FAILURE	192.168.201.178	10.0.251.79	host_65	app_2	user_5	hash_5050988359467289205	tbs_4	N/A	INSERT INTO table_2 (id, name, age, salary) VALUES (69, 'John Doe', 48, 9601)	bind_vars_example
conn_18189175935689917896	181	1	2024-11-16 12:08:55	DELETE	FAILURE	192.168.226.232	10.0.228.63	host_43	app_4	user_5	hash_16501216699287403	tbs_2	N/A	DELETE FROM table_3 WHERE salary < 7945 AND age > 46	bind_vars_example
conn_2953322466327844805	842	9	2024-11-16 12:08:55	DELETE	FAILURE	192.168.14.126	10.0.229.19	host_4	app_3	user_3	hash_4733495766139324043	tbs_1	N/A	DELETE FROM table_2 WHERE name LIKE 'B%' AND department = 'Engineering'	bind_vars_example
conn_81374882742801331	654	5	2024-11-16 12:08:55	UPDATE	FAILURE	192.168.88.138	10.0.139.153	host_40	app_4	user_5	hash_6336013428307899049	tbs_4	N/A	UPDATE table_4 SET salary = 6951 WHERE salary < 4133 AND age > 45 AND salary < 4133	bind_vars_example
conn_2351762808709553317	801	9	2024-11-16 12:08:55	INSERT	FAILURE	192.168.84.32	10.0.137.220	host_92	app_1	user_6	hash_5593077865002413251	tbs_1	N/A	INSERT INTO table_2 (id, name, age, salary) VALUES (10, 'John Doe', 37, 4818)	bind_vars_example
conn_5584587456422244682	218	6	2024-11-16 12:08:55	SELECT	FAILURE	192.168.225.133	10.0.87.19	host_94	app_1	user_6	hash_15977328152667696927	tbs_2	salary, age, department	SELECT department, age, salary, age FROM table_4 WHERE department = 'HR'	bind_vars_example
conn_10044214192433408357	945	8	2024-11-16 12:08:55	SELECT	SUCCESS	192.168.98.143	10.0.208.221	host_83	app_2	user_9	hash_5932247818887758854	tbs_2	department, salary, salary	SELECT id FROM table_3 WHERE department = 'HR'	bind_vars_example
conn_6391920798814643196	637	4	2024-11-16 12:08:55	DELETE	FAILURE	192.168.81.150	10.0.76.229	host_30	app_1	user_9	hash_8471172769994018852	tbs_4	N/A	DELETE FROM table_4 WHERE department = 'HR' AND salary < 7027 AND department = 'HR'	bind_vars_example
conn_11413844421985973342	882	6	2024-11-16 12:08:55	UPDATE	SUCCESS	192.168.174.48	10.0.92.69	host_28	app_2	user_5	hash_7909928877517886163	tbs_4	N/A	UPDATE table_2 SET salary = 9158 WHERE age > 40 AND department = 'HR'	bind_vars_example
conn_8216619883025678016	392	8	2024-11-16 12:08:55	DELETE	FAILURE	192.168.56.231	10.0.82.80	host_48	app_4	user_8	hash_5207897647763633069	tbs_4	N/A	DELETE FROM table_4 WHERE name LIKE 'B%'	bind_vars_example
conn_6605414368805995429	731	9	2024-11-16 12:08:55	UPDATE	FAILURE	192.168.252.54	10.0.157.168	host_84	app_4	user_8	hash_14220335233907788151	tbs_2	N/A	UPDATE table_4 SET salary = 6604 WHERE name LIKE 'C%' AND age > 24 AND department = 'Engineering'	bind_vars_example
conn_9066142053027148030	989	10	2024-11-16 12:08:55	UPDATE	SUCCESS	192.168.157.103	10.0.241.203	host_33	app_2	user_8	hash_6376482854742036754	tbs_4	N/A	UPDATE table_1 SET salary = 3944 WHERE name LIKE 'B%' AND age > 44	bind_vars_example
conn_6887450016139357328	276	5	2024-11-16 12:08:55	SELECT	SUCCESS	192.168.200.55	10.0.53.58	host_21	app_4	user_5	hash_14506712014572468132	tbs_1	name, age, id, department	SELECT department, salary FROM table_2 WHERE name LIKE 'C%'	bind_vars_example
conn_17820717385650407604	582	8	2024-11-16 12:08:55	UPDATE	FAILURE	192.168.179.107	10.0.152.187	host_53	app_2	user_9	hash_10834752251393303371	tbs_3	N/A	UPDATE table_1 SET salary = 8966 WHERE salary < 3138 AND age > 30 AND department = 'HR'	bind_vars_example
conn_12514305355402736578	643	2	2024-11-16 12:08:55	SELECT	FAILURE	192.168.193.194	10.0.56.4	host_67	app_1	user_7	hash_14400718029251198695	tbs_3	name, id, id	SELECT id FROM table_2 WHERE department = 'Engineering' AND age > 21	bind_vars_example
conn_8008152995144096714	140	8	2024-11-16 12:08:55	INSERT	SUCCESS	192.168.233.59	10.0.242.215	host_7	app_2	user_8	hash_13286817460381567326	tbs_4	N/A	INSERT INTO table_4 (id, name, age, salary) VALUES (46, 'John Doe', 42, 7018)	bind_vars_example
conn_10408445827909609328	602	7	2024-11-16 12:08:55	DELETE	FAILURE	192.168.184.171	10.0.26.89	host_63	app_3	user_6	hash_6743541100911824302	tbs_3	N/A	DELETE FROM table_4 WHERE name LIKE 'C%' AND age > 45 AND age > 45	bind_vars_example
conn_4300422149477939417	734	3	2024-11-16 12:08:55	INSERT	SUCCESS	192.168.216.105	10.0.88.7	host_10	app_2	user_9	hash_1073339596878156331	tbs_1	N/A	INSERT INTO table_2 (id, name, age, salary) VALUES (57, 'John Doe', 20, 8085)	bind_vars_example
conn_14670641874492276814	656	10	2024-11-16 12:08:55	INSERT	SUCCESS	192.168.87.112	10.0.60.29	host_29	app_2	user_8	hash_10045389107159027009	tbs_1	N/A	INSERT INTO table_4 (id, name, age, salary) VALUES (33, 'John Doe', 42, 3137)	bind_vars_example
conn_2351728072344884385	916	3	2024-11-16 12:08:55	UPDATE	FAILURE	192.168.228.35	10.0.200.73	host_90	app_2	user_9	hash_4755718137309175	tbs_3	N/A	UPDATE table_4 SET salary = 4477 WHERE age > 35 AND age > 35	bind_vars_example
conn_15692201847125490515	614	8	2024-11-16 12:08:55	INSERT	FAILURE	192.168.42.12	10.0.177.172	host_27	app_3	user_6	hash_7729261900627773796	tbs_1	N/A	INSERT INTO table_3 (id, name, age, salary) VALUES (72, 'John Doe', 33, 4731)	bind_vars_example
conn_12715285951429882518	37	4	2024-11-16 12:08:55	INSERT	FAILURE	192.168.10.40	10.0.6.12	host_80	app_4	user_6	hash_11044107686197238251	tbs_1	N/A	INSERT INTO table_4 (id, name, age, salary) VALUES (70, 'John Doe', 40, 9255)	bind_vars_example
conn_5109648195829077589	693	7	2024-11-16 12:08:55	UPDATE	FAILURE	192.168.136.54	10.0.181.47	host_80	app_2	user_7	hash_399581118762249111	tbs_4	N/A	UPDATE table_4 SET salary = 9675 WHERE department = 'HR'	bind_vars_example
conn_16974253742346342775	348	9	2024-11-16 12:08:55	INSERT	SUCCESS	192.168.210.245	10.0.93.123	host_76	app_2	user_6	hash_12517714179297947920	tbs_4	N/A	INSERT INTO table_2 (id, name, age, salary) VALUES (41, 'John Doe', 43, 9453)	bind_vars_example
conn_11258546663495697374	599	8	2024-11-16 12:08:55	DELETE	SUCCESS	192.168.151.149	10.0.124.217	host_89	app_3	user_2	hash_10765246852393611457	tbs_3	N/A	DELETE FROM table_3 WHERE name LIKE 'B%' AND age > 31	bind_vars_example
conn_18294841861405842462	659	5	2024-11-16 12:08:55	SELECT	FAILURE	192.168.49.132	10.0.32.216	host_6	app_1	user_9	hash_14823443512786838310	tbs_4	department, id, age	SELECT age, salary FROM table_4 WHERE age > 34 AND department = 'Engineering' AND salary < 6796	bind_vars_example
conn_8193960779451676665	866	6	2024-11-16 12:08:55	SELECT	FAILURE	192.168.232.132	10.0.156.69	host_11	app_4	user_9	hash_14538255028922723114	tbs_3	id, department	SELECT age FROM table_3 WHERE name LIKE 'C%' AND age > 33	bind_vars_example
conn_627452940414102805	872	9	2024-11-16 12:08:55	INSERT	SUCCESS	192.168.56.8	10.0.90.99	host_88	app_4	user_9	hash_10301861071230028484	tbs_4	N/A	INSERT INTO table_4 (id, name, age, salary) VALUES (59, 'John Doe', 38, 7486)	bind_vars_example
conn_1435344942880350536	907	4	2024-11-16 12:08:55	INSERT	FAILURE	192.168.48.48	10.0.210.27	host_31	app_2	user_7	hash_3051382181970106954	tbs_4	N/A	INSERT INTO table_3 (id, name, age, salary) VALUES (67, 'John Doe', 20, 4845)	bind_vars_example
conn_14863371051182724530	423	10	2024-11-16 12:08:55	UPDATE	SUCCESS	192.168.225.127	10.0.4.109	host_25	app_4	user_3	hash_2309405402669024834	tbs_4	N/A	UPDATE table_3 SET salary = 7517 WHERE age > 24	bind_vars_example
conn_13481428909169855571	841	8	2024-11-16 12:08:55	INSERT	FAILURE	192.168.187.228	10.0.216.103	host_3	app_3	user_9	hash_2807360956738627207	tbs_2	N/A	INSERT INTO table_4 (id, name, age, salary) VALUES (54, 'John Doe', 39, 8631)	bind_vars_example
conn_5593202985825728207	671	10	2024-11-16 12:08:55	DELETE	SUCCESS	192.168.38.78	10.0.134.201	host_66	app_2	user_8	hash_16316627032583536175	tbs_3	N/A	DELETE FROM table_1 WHERE name LIKE 'A%' AND salary < 6558	bind_vars_example
conn_3060390163368221669	57	5	2024-11-16 12:08:55	DELETE	FAILURE	192.168.114.190	10.0.184.135	host_9	app_1	user_1	hash_6320009755200946441	tbs_3	N/A	DELETE FROM table_1 WHERE age > 29 AND name LIKE 'C%' AND salary < 8839	bind_vars_example
conn_9495516420051973240	635	1	2024-11-16 12:08:55	SELECT	FAILURE	192.168.54.219	10.0.236.193	host_3	app_2	user_2	hash_10761370833937724142	tbs_4	id, id	SELECT id, department, salary, age FROM table_4 WHERE department = 'HR' AND salary < 3198	bind_vars_example
conn_893216960446801642	403	5	2024-11-16 12:08:55	SELECT	SUCCESS	192.168.11.151	10.0.6.187	host_21	app_3	user_2	hash_14829596366994165537	tbs_4	name	SELECT name, age, name FROM table_2 WHERE department = 'Sales' AND name LIKE 'A%'	bind_vars_example
conn_3114784910678686662	360	4	2024-11-16 12:08:55	DELETE	SUCCESS	192.168.206.222	10.0.181.87	host_13	app_2	user_4	hash_12469150515859501735	tbs_3	N/A	DELETE FROM table_1 WHERE age > 36 AND name LIKE 'C%'	bind_vars_example
conn_2804521974649916949	309	9	2024-11-16 12:08:55	DELETE	FAILURE	192.168.97.41	10.0.131.1	host_36	app_2	user_9	hash_11977437419704218663	tbs_2	N/A	DELETE FROM table_2 WHERE age > 44 AND department = 'HR'	bind_vars_example
conn_6805359844043168261	955	3	2024-11-16 12:08:55	DELETE	SUCCESS	192.168.203.33	10.0.42.189	host_54	app_1	user_1	hash_3952286385290642192	tbs_4	N/A	DELETE FROM table_1 WHERE salary < 3989	bind_vars_example
conn_13973590342194203833	656	7	2024-11-16 12:08:55	DELETE	SUCCESS	192.168.126.211	10.0.100.52	host_96	app_4	user_3	hash_12922704133983920534	tbs_2	N/A	DELETE FROM table_3 WHERE department = 'Sales' AND salary < 4888	bind_vars_example
conn_11534139364440769816	980	4	2024-11-16 12:08:55	DELETE	FAILURE	192.168.12.167	10.0.150.19	host_51	app_2	user_2	hash_1037476655118443663	tbs_3	N/A	DELETE FROM table_3 WHERE name LIKE 'C%' AND department = 'Engineering' AND name LIKE 'C%'	bind_vars_example
conn_17791853417265811996	155	10	2024-11-16 12:08:55	INSERT	SUCCESS	192.168.101.85	10.0.129.144	host_84	app_2	user_9	hash_8852598067623318470	tbs_4	N/A	INSERT INTO table_2 (id, name, age, salary) VALUES (12, 'John Doe', 29, 5191)	bind_vars_example
conn_11006624781463425811	904	7	2024-11-16 12:08:55	SELECT	SUCCESS	192.168.212.188	10.0.46.250	host_34	app_2	user_1	hash_2170663664399937428	tbs_3	department, id, id	SELECT name, salary, age FROM table_2 WHERE name LIKE 'A%'	bind_vars_example
conn_9670663223983488646	526	9	2024-11-16 12:08:55	SELECT	FAILURE	192.168.201.193	10.0.105.203	host_92	app_1	user_5	hash_8507789241087484389	tbs_4	age, department	SELECT id, id FROM table_1 WHERE salary < 8598 AND department = 'HR'	bind_vars_example
conn_7510517655459951320	145	7	2024-11-16 12:08:55	DELETE	FAILURE	192.168.202.223	10.0.58.8	host_96	app_2	user_9	hash_1736871946472182214	tbs_2	N/A	DELETE FROM table_1 WHERE salary < 5717 AND salary < 5717	bind_vars_example
conn_13155359717074652682	1	5	2024-11-16 12:08:55	DELETE	SUCCESS	192.168.223.153	10.0.156.211	host_56	app_4	user_9	hash_7748829510969840157	tbs_1	N/A	DELETE FROM table_2 WHERE department = 'HR' AND age > 33 AND age > 33	bind_vars_example
conn_12345998372656374989	320	5	2024-11-16 12:08:55	UPDATE	FAILURE	192.168.40.15	10.0.200.90	host_43	app_1	user_5	hash_5752553413797328392	tbs_3	N/A	UPDATE table_3 SET salary = 9936 WHERE name LIKE 'A%' AND salary < 9807	bind_vars_example
conn_18115202837007874194	679	5	2024-11-16 12:08:55	SELECT	FAILURE	192.168.29.19	10.0.75.46	host_58	app_4	user_3	hash_7527765573737808356	tbs_3	age, department, name	SELECT department, salary, salary, age FROM table_2 WHERE age > 30 AND name LIKE 'B%' AND age > 30	bind_vars_example
conn_12529906318061751682	966	6	2024-11-16 12:08:55	DELETE	SUCCESS	192.168.151.233	10.0.161.83	host_77	app_1	user_2	hash_16272980888668788758	tbs_4	N/A	DELETE FROM table_2 WHERE department = 'HR' AND age > 32	bind_vars_example
conn_18285839424429719827	466	6	2024-11-16 12:08:55	UPDATE	SUCCESS	192.168.34.103	10.0.170.88	host_29	app_2	user_7	hash_15960621587645170995	tbs_4	N/A	UPDATE table_4 SET salary = 3818 WHERE department = 'Sales' AND department = 'Sales' AND department = 'Sales'	bind_vars_example
conn_3634548613288255501	355	7	2024-11-16 12:08:55	SELECT	SUCCESS	192.168.4.90	10.0.245.49	host_87	app_1	user_4	hash_1316667154688831996	tbs_3	salary	SELECT salary, age FROM table_3 WHERE age > 25 AND salary < 4524 AND department = 'Engineering'	bind_vars_example
conn_9625374766778274399	551	2	2024-11-16 12:08:55	INSERT	FAILURE	192.168.191.187	10.0.36.20	host_63	app_4	user_5	hash_3115032817463519752	tbs_4	N/A	INSERT INTO table_4 (id, name, age, salary) VALUES (32, 'John Doe', 24, 3203)	bind_vars_example
conn_473152612654504277	453	2	2024-11-16 12:08:55	DELETE	FAILURE	192.168.245.241	10.0.220.138	host_12	app_3	user_3	hash_9682227024215597677	tbs_3	N/A	DELETE FROM table_1 WHERE department = 'HR' AND age > 40 AND salary < 9135	bind_vars_example
conn_5811215312622190959	104	4	2024-11-16 12:08:55	UPDATE	SUCCESS	192.168.225.106	10.0.222.184	host_38	app_1	user_1	hash_10719504765783698303	tbs_4	N/A	UPDATE table_2 SET salary = 6324 WHERE name LIKE 'B%'	bind_vars_example
conn_7885102059355290555	601	9	2024-11-16 12:08:55	UPDATE	SUCCESS	192.168.90.154	10.0.171.9	host_70	app_4	user_8	hash_357912353982184210	tbs_4	N/A	UPDATE table_1 SET salary = 8992 WHERE department = 'Engineering' AND salary < 6865	bind_vars_example
conn_5437124153455300233	643	7	2024-11-16 12:08:55	INSERT	SUCCESS	192.168.153.235	10.0.100.127	host_33	app_4	user_2	hash_18401498600435182787	tbs_4	N/A	INSERT INTO table_2 (id, name, age, salary) VALUES (98, 'John Doe', 21, 9115)	bind_vars_example
conn_14512520663629832702	775	7	2024-11-16 12:08:55	SELECT	FAILURE	192.168.2.8	10.0.192.15	host_5	app_1	user_1	hash_14459314093299324264	tbs_3	salary, id	SELECT age, age, age FROM table_1 WHERE salary < 3216 AND department = 'Engineering'	bind_vars_example
conn_4773514559620312996	525	10	2024-11-16 12:08:55	INSERT	FAILURE	192.168.88.58	10.0.186.164	host_48	app_2	user_8	hash_16545113802056523490	tbs_2	N/A	INSERT INTO table_4 (id, name, age, salary) VALUES (25, 'John Doe', 30, 4975)	bind_vars_example
conn_877998340539913195	484	5	2024-11-16 12:08:55	UPDATE	SUCCESS	192.168.1.215	10.0.173.116	host_56	app_2	user_8	hash_2924249636806829129	tbs_3	N/A	UPDATE table_4 SET salary = 7857 WHERE department = 'Engineering' AND name LIKE 'B%' AND department = 'Engineering'	bind_vars_example
conn_11443861804684654194	239	9	2024-11-16 12:08:55	UPDATE	SUCCESS	192.168.0.176	10.0.231.105	host_7	app_3	user_7	hash_9271862372318345559	tbs_3	N/A	UPDATE table_3 SET salary = 7463 WHERE department = 'HR' AND salary < 5894	bind_vars_example
conn_3211804943416607564	731	8	2024-11-16 12:08:55	INSERT	FAILURE	192.168.102.0	10.0.157.23	host_26	app_1	user_1	hash_9174192890353141265	tbs_3	N/A	INSERT INTO table_2 (id, name, age, salary) VALUES (42, 'John Doe', 46, 5910)	bind_vars_example
conn_667034588881043555	707	3	2024-11-16 12:08:55	SELECT	FAILURE	192.168.205.86	10.0.120.17	host_94	app_3	user_3	hash_589091728554109462	tbs_1	salary, salary, name	SELECT department, salary, name FROM table_1 WHERE age > 45	bind_vars_example
conn_14649572777495857295	358	8	2024-11-16 12:08:55	SELECT	FAILURE	192.168.212.207	10.0.131.169	host_74	app_2	user_1	hash_12239324063148335028	tbs_2	salary, name	SELECT department, salary FROM table_1 WHERE age > 38 AND name LIKE 'A%'	bind_vars_example
conn_13692281345364416892	355	7	2024-11-16 12:08:55	DELETE	FAILURE	192.168.223.124	10.0.51.226	host_94	app_4	user_6	hash_1195643704436787590	tbs_4	N/A	DELETE FROM table_4 WHERE age > 39 AND department = 'HR'	bind_vars_example
conn_1764572905004301472	798	9	2024-11-16 12:08:55	UPDATE	SUCCESS	192.168.57.44	10.0.145.100	host_80	app_1	user_8	hash_6320257381719863182	tbs_1	N/A	UPDATE table_4 SET salary = 3017 WHERE name LIKE 'B%' AND salary < 6324 AND age > 37	bind_vars_example
conn_3186012866413723793	653	5	2024-11-16 12:08:55	INSERT	SUCCESS	192.168.60.220	10.0.109.4	host_84	app_3	user_4	hash_8766383599247174281	tbs_2	N/A	INSERT INTO table_1 (id, name, age, salary) VALUES (4, 'John Doe', 24, 9174)	bind_vars_example
conn_116006940635237112	917	9	2024-11-16 12:08:55	INSERT	FAILURE	192.168.73.105	10.0.146.132	host_34	app_2	user_6	hash_15468585428184707728	tbs_1	N/A	INSERT INTO table_3 (id, name, age, salary) VALUES (92, 'John Doe', 36, 6801)	bind_vars_example
conn_14092854172541970879	677	1	2024-11-16 12:08:55	DELETE	SUCCESS	192.168.38.116	10.0.98.18	host_36	app_2	user_5	hash_6132014693375452872	tbs_3	N/A	DELETE FROM table_3 WHERE salary < 9535 AND department = 'Engineering' AND department = 'Engineering'	bind_vars_example
conn_10507715494382885815	489	7	2024-11-16 12:08:55	SELECT	SUCCESS	192.168.160.200	10.0.220.183	host_29	app_3	user_3	hash_8396253003627037522	tbs_2	department	SELECT id FROM table_2 WHERE age > 42 AND age > 42	bind_vars_example
conn_12102928076460347104	866	2	2024-11-16 12:08:55	DELETE	FAILURE	192.168.169.15	10.0.239.5	host_43	app_3	user_5	hash_10003889752135082565	tbs_2	N/A	DELETE FROM table_3 WHERE age > 25 AND salary < 6945 AND salary < 6945	bind_vars_example
conn_2314067161015344779	311	7	2024-11-16 12:08:55	UPDATE	SUCCESS	192.168.90.232	10.0.244.185	host_17	app_1	user_6	hash_16166033284754630893	tbs_4	N/A	UPDATE table_3 SET salary = 9580 WHERE salary < 4412	bind_vars_example
conn_10397430020580307078	967	5	2024-11-16 12:08:55	INSERT	FAILURE	192.168.73.181	10.0.70.219	host_14	app_3	user_1	hash_6556064907014445356	tbs_4	N/A	INSERT INTO table_1 (id, name, age, salary) VALUES (62, 'John Doe', 28, 4600)	bind_vars_example
conn_7656498670799489580	497	6	2024-11-16 12:08:55	SELECT	FAILURE	192.168.84.131	10.0.105.64	host_94	app_4	user_5	hash_17492509523575100722	tbs_3	age, age, department	SELECT age, age, id, name FROM table_1 WHERE name LIKE 'C%'	bind_vars_example
conn_2959850364969582201	825	7	2024-11-16 12:08:55	UPDATE	SUCCESS	192.168.206.123	10.0.186.237	host_41	app_3	user_3	hash_10148264106224774441	tbs_3	N/A	UPDATE table_2 SET salary = 6218 WHERE age > 26 AND department = 'Engineering'	bind_vars_example
conn_8393226773190797412	176	3	2024-11-16 12:08:55	SELECT	FAILURE	192.168.130.155	10.0.190.212	host_24	app_1	user_7	hash_13014929235903311018	tbs_4	salary	SELECT salary, age, age FROM table_1 WHERE age > 40	bind_vars_example
conn_7210657009595421359	625	1	2024-11-16 12:08:55	UPDATE	FAILURE	192.168.155.52	10.0.178.149	host_30	app_4	user_6	hash_11443014179192834970	tbs_3	N/A	UPDATE table_4 SET salary = 7965 WHERE salary < 8782 AND department = 'HR' AND name LIKE 'B%'	bind_vars_example
conn_8662538302072328704	577	6	2024-11-16 12:08:55	INSERT	FAILURE	192.168.121.156	10.0.19.52	host_70	app_4	user_4	hash_9143641575122176807	tbs_3	N/A	INSERT INTO table_1 (id, name, age, salary) VALUES (60, 'John Doe', 30, 7499)	bind_vars_example
conn_6438701656467345884	782	5	2024-11-16 12:08:55	DELETE	FAILURE	192.168.235.115	10.0.101.132	host_61	app_2	user_1	hash_7745912051344088949	tbs_4	N/A	DELETE FROM table_4 WHERE age > 21	bind_vars_example
conn_17706559655736035233	469	10	2024-11-16 12:08:55	INSERT	FAILURE	192.168.148.17	10.0.121.232	host_4	app_3	user_6	hash_12066010115533886165	tbs_3	N/A	INSERT INTO table_1 (id, name, age, salary) VALUES (96, 'John Doe', 47, 5845)	bind_vars_example
conn_8889902568802797711	381	4	2024-11-16 12:08:55	INSERT	FAILURE	192.168.222.92	10.0.92.212	host_4	app_2	user_2	hash_4387095761233766085	tbs_1	N/A	INSERT INTO table_4 (id, name, age, salary) VALUES (96, 'John Doe', 46, 3183)	bind_vars_example
conn_18373985698898509803	278	1	2024-11-16 12:08:55	UPDATE	SUCCESS	192.168.1.202	10.0.6.19	host_28	app_1	user_7	hash_14470587099528415050	tbs_4	N/A	UPDATE table_3 SET salary = 3828 WHERE salary < 4393 AND name LIKE 'B%'	bind_vars_example
conn_10496598591721206272	951	2	2024-11-16 12:08:55	SELECT	FAILURE	192.168.218.60	10.0.223.103	host_77	app_4	user_7	hash_3354571240650994651	tbs_4	id, id, id	SELECT name FROM table_3 WHERE age > 23	bind_vars_example
conn_17511459742198135015	727	10	2024-11-16 12:08:55	UPDATE	FAILURE	192.168.54.138	10.0.32.71	host_88	app_1	user_2	hash_15143016534953102802	tbs_1	N/A	UPDATE table_4 SET salary = 7998 WHERE name LIKE 'B%' AND salary < 9248	bind_vars_example
conn_2750790413770170155	810	2	2024-11-16 12:08:55	DELETE	SUCCESS	192.168.230.27	10.0.44.110	host_47	app_4	user_7	hash_11768194424653341416	tbs_2	N/A	DELETE FROM table_3 WHERE salary < 5062 AND salary < 5062 AND name LIKE 'A%'	bind_vars_example
conn_1335632571040813182	363	4	2024-11-16 12:08:55	SELECT	FAILURE	192.168.173.37	10.0.249.92	host_48	app_1	user_2	hash_17065170631115304892	tbs_2	name, age, age, id	SELECT age FROM table_4 WHERE age > 30 AND salary < 3864	bind_vars_example
conn_11628078825558632134	118	5	2024-11-16 12:08:55	INSERT	FAILURE	192.168.161.64	10.0.108.60	host_7	app_2	user_3	hash_10008333514999604653	tbs_1	N/A	INSERT INTO table_2 (id, name, age, salary) VALUES (6, 'John Doe', 24, 9869)	bind_vars_example
conn_4777343095548089506	663	4	2024-11-16 12:08:55	SELECT	FAILURE	192.168.243.110	10.0.48.106	host_30	app_3	user_4	hash_1381899860995206135	tbs_2	name	SELECT name, name FROM table_2 WHERE salary < 5664	bind_vars_example
conn_10886335538987641072	228	9	2024-11-16 12:08:55	DELETE	FAILURE	192.168.188.119	10.0.189.244	host_70	app_2	user_3	hash_17011893535231322544	tbs_4	N/A	DELETE FROM table_3 WHERE salary < 8261	bind_vars_example
conn_13371213824660914185	900	2	2024-11-16 12:08:55	UPDATE	SUCCESS	192.168.8.113	10.0.236.95	host_67	app_4	user_9	hash_2016235953022185334	tbs_3	N/A	UPDATE table_3 SET salary = 8578 WHERE age > 22	bind_vars_example
conn_8807229599430073778	480	8	2024-11-16 12:08:55	DELETE	SUCCESS	192.168.137.32	10.0.248.68	host_32	app_3	user_3	hash_9375901069291220146	tbs_3	N/A	DELETE FROM table_3 WHERE age > 26 AND salary < 4307 AND salary < 4307	bind_vars_example
conn_6958833594599115268	245	4	2024-11-16 12:08:55	UPDATE	SUCCESS	192.168.28.198	10.0.77.131	host_54	app_4	user_5	hash_13518086924944876183	tbs_3	N/A	UPDATE table_3 SET salary = 5182 WHERE department = 'Engineering'	bind_vars_example
conn_13624183485764673762	280	7	2024-11-16 12:08:55	DELETE	FAILURE	192.168.217.202	10.0.83.247	host_31	app_3	user_5	hash_11060299763931774255	tbs_2	N/A	DELETE FROM table_3 WHERE salary < 9121 AND salary < 9121	bind_vars_example
conn_8676167151560804364	694	8	2024-11-16 12:08:55	UPDATE	SUCCESS	192.168.114.88	10.0.200.50	host_88	app_3	user_6	hash_8197383296571325586	tbs_1	N/A	UPDATE table_4 SET salary = 3383 WHERE age > 34	bind_vars_example
conn_16873798228976029880	52	8	2024-11-16 12:08:55	DELETE	FAILURE	192.168.150.227	10.0.159.148	host_91	app_4	user_3	hash_11353028985476582540	tbs_3	N/A	DELETE FROM table_1 WHERE department = 'Sales'	bind_vars_example
conn_15527730128451726212	476	10	2024-11-16 12:08:55	DELETE	FAILURE	192.168.6.200	10.0.80.57	host_52	app_1	user_7	hash_2359835236691038760	tbs_1	N/A	DELETE FROM table_3 WHERE name LIKE 'C%' AND name LIKE 'C%' AND salary < 4703	bind_vars_example
conn_10304009964955971629	762	6	2024-11-16 12:08:55	UPDATE	FAILURE	192.168.120.45	10.0.114.254	host_70	app_1	user_6	hash_3781201359010792210	tbs_2	N/A	UPDATE table_3 SET salary = 3845 WHERE department = 'HR' AND salary < 5584	bind_vars_example
conn_14857144256007418708	674	10	2024-11-16 12:08:55	UPDATE	SUCCESS	192.168.48.169	10.0.58.70	host_23	app_3	user_6	hash_25442917156565076	tbs_3	N/A	UPDATE table_2 SET salary = 4015 WHERE age > 45 AND salary < 3882	bind_vars_example
conn_11721472700883238850	330	7	2024-11-16 12:08:55	SELECT	FAILURE	192.168.233.153	10.0.2.123	host_40	app_3	user_9	hash_14607035028814563847	tbs_3	salary	SELECT salary FROM table_2 WHERE name LIKE 'A%' AND department = 'Sales' AND department = 'Sales'	bind_vars_example
conn_4329691359977541258	614	10	2024-11-16 12:08:55	INSERT	FAILURE	192.168.182.114	10.0.9.211	host_54	app_1	user_5	hash_11696269589022953604	tbs_4	N/A	INSERT INTO table_4 (id, name, age, salary) VALUES (94, 'John Doe', 21, 7866)	bind_vars_example
conn_6772513980038333191	566	7	2024-11-16 12:08:55	INSERT	SUCCESS	192.168.122.105	10.0.198.159	host_67	app_2	user_9	hash_17205639650653260826	tbs_4	N/A	INSERT INTO table_1 (id, name, age, salary) VALUES (42, 'John Doe', 40, 6067)	bind_vars_example
conn_9941115329530015789	772	7	2024-11-16 12:08:55	UPDATE	FAILURE	192.168.84.3	10.0.15.0	host_56	app_1	user_8	hash_8568624960531560815	tbs_4	N/A	UPDATE table_3 SET salary = 9292 WHERE age > 47	bind_vars_example
conn_1137794151223369037	311	8	2024-11-16 12:08:55	UPDATE	FAILURE	192.168.132.247	10.0.170.245	host_31	app_4	user_9	hash_6904537907399018707	tbs_4	N/A	UPDATE table_4 SET salary = 3636 WHERE salary < 6223 AND age > 22 AND age > 22	bind_vars_example
conn_17806212163610652420	90	1	2024-11-16 12:08:55	UPDATE	FAILURE	192.168.89.204	10.0.175.107	host_65	app_2	user_4	hash_11617588351428641350	tbs_2	N/A	UPDATE table_2 SET salary = 7998 WHERE age > 27	bind_vars_example
conn_5121343559271099454	604	10	2024-11-16 12:08:55	SELECT	SUCCESS	192.168.165.44	10.0.57.204	host_81	app_1	user_6	hash_10267588029574264017	tbs_3	age, age, name	SELECT salary FROM table_4 WHERE department = 'Sales'	bind_vars_example
conn_17977459873986787971	206	6	2024-11-16 12:08:55	DELETE	SUCCESS	192.168.33.100	10.0.101.244	host_84	app_3	user_8	hash_11910564385102483481	tbs_4	N/A	DELETE FROM table_4 WHERE name LIKE 'A%'	bind_vars_example
conn_8207550552277324717	364	6	2024-11-16 12:08:55	UPDATE	SUCCESS	192.168.170.109	10.0.38.40	host_87	app_4	user_8	hash_3762140546578086010	tbs_1	N/A	UPDATE table_4 SET salary = 9815 WHERE department = 'Sales' AND age > 44	bind_vars_example
conn_12610821745101535326	117	4	2024-11-16 12:08:55	INSERT	FAILURE	192.168.146.110	10.0.112.86	host_19	app_2	user_7	hash_15135278940420937913	tbs_3	N/A	INSERT INTO table_4 (id, name, age, salary) VALUES (21, 'John Doe', 45, 9720)	bind_vars_example
conn_5125790255676678771	536	10	2024-11-16 12:08:55	DELETE	FAILURE	192.168.83.49	10.0.159.227	host_9	app_3	user_1	hash_15998113706144501797	tbs_4	N/A	DELETE FROM table_2 WHERE department = 'Sales' AND salary < 7163 AND name LIKE 'C%'	bind_vars_example
conn_17856938643623190061	692	8	2024-11-16 12:08:55	SELECT	FAILURE	192.168.227.237	10.0.222.36	host_39	app_1	user_6	hash_13597009696103607589	tbs_2	salary, salary, name, age	SELECT salary, department, age, department FROM table_2 WHERE age > 21 AND department = 'Engineering' AND age > 21	bind_vars_example
conn_14429216763090212821	931	4	2024-11-16 12:08:55	SELECT	FAILURE	192.168.178.48	10.0.157.132	host_67	app_3	user_1	hash_6703702645394980853	tbs_4	department, name	SELECT id, department, department FROM table_4 WHERE department = 'Sales' AND name LIKE 'B%'	bind_vars_example
conn_4464588022826098431	690	8	2024-11-16 12:08:55	UPDATE	FAILURE	192.168.230.150	10.0.109.107	host_30	app_3	user_4	hash_7258859737332928060	tbs_2	N/A	UPDATE table_1 SET salary = 8258 WHERE salary < 8055	bind_vars_example
conn_12321353069595975049	227	6	2024-11-16 12:08:55	INSERT	FAILURE	192.168.161.108	10.0.135.52	host_59	app_3	user_5	hash_65937448826717265	tbs_2	N/A	INSERT INTO table_3 (id, name, age, salary) VALUES (31, 'John Doe', 30, 5858)	bind_vars_example
conn_17456830591297119094	995	1	2024-11-16 12:08:55	INSERT	FAILURE	192.168.209.142	10.0.196.178	host_20	app_1	user_3	hash_515693056978374309	tbs_2	N/A	INSERT INTO table_3 (id, name, age, salary) VALUES (31, 'John Doe', 47, 6556)	bind_vars_example
conn_10604849657101458247	309	3	2024-11-16 12:08:55	DELETE	SUCCESS	192.168.237.249	10.0.82.231	host_13	app_2	user_6	hash_9727475369416335625	tbs_4	N/A	DELETE FROM table_3 WHERE salary < 4450 AND age > 22	bind_vars_example
conn_15579254839332257718	127	8	2024-11-16 12:08:55	SELECT	SUCCESS	192.168.180.77	10.0.14.94	host_58	app_1	user_2	hash_10291833499353976910	tbs_3	salary	SELECT name FROM table_4 WHERE name LIKE 'C%' AND age > 39	bind_vars_example
conn_4719489954080536988	133	10	2024-11-16 12:08:55	INSERT	SUCCESS	192.168.200.236	10.0.139.179	host_10	app_2	user_7	hash_6028053917175503713	tbs_1	N/A	INSERT INTO table_3 (id, name, age, salary) VALUES (55, 'John Doe', 34, 4678)	bind_vars_example
conn_13588702560671192636	134	9	2024-11-16 12:08:55	INSERT	FAILURE	192.168.14.43	10.0.92.137	host_49	app_2	user_5	hash_13734570459058738795	tbs_4	N/A	INSERT INTO table_4 (id, name, age, salary) VALUES (33, 'John Doe', 39, 4207)	bind_vars_example
conn_17655735944932275236	259	1	2024-11-16 12:08:55	INSERT	SUCCESS	192.168.191.192	10.0.30.182	host_13	app_3	user_4	hash_10739797169924728616	tbs_1	N/A	INSERT INTO table_2 (id, name, age, salary) VALUES (23, 'John Doe', 25, 8575)	bind_vars_example
conn_12505228833405577668	128	1	2024-11-16 12:08:55	SELECT	FAILURE	192.168.159.4	10.0.162.195	host_82	app_1	user_3	hash_4698457354812942354	tbs_1	salary	SELECT name, age, id FROM table_1 WHERE department = 'Sales' AND age > 23	bind_vars_example
conn_15611629150048159355	8	4	2024-11-16 12:08:55	INSERT	FAILURE	192.168.253.240	10.0.13.126	host_95	app_1	user_9	hash_3861632222614433278	tbs_2	N/A	INSERT INTO table_4 (id, name, age, salary) VALUES (36, 'John Doe', 35, 9799)	bind_vars_example
conn_17796517624917393132	721	2	2024-11-16 12:08:55	INSERT	SUCCESS	192.168.224.33	10.0.137.190	host_49	app_2	user_1	hash_11102337620405666807	tbs_4	N/A	INSERT INTO table_2 (id, name, age, salary) VALUES (48, 'John Doe', 41, 8444)	bind_vars_example
conn_15261153544703780295	921	5	2024-11-16 12:08:55	INSERT	FAILURE	192.168.55.211	10.0.25.11	host_45	app_2	user_6	hash_10903633563675269312	tbs_4	N/A	INSERT INTO table_1 (id, name, age, salary) VALUES (93, 'John Doe', 40, 4833)	bind_vars_example
conn_15030930714005622107	247	2	2024-11-16 12:08:55	DELETE	FAILURE	192.168.63.202	10.0.215.233	host_87	app_2	user_4	hash_16764620915339828169	tbs_4	N/A	DELETE FROM table_2 WHERE name LIKE 'A%'	bind_vars_example
conn_918162317507318426	954	2	2024-11-16 12:08:55	DELETE	FAILURE	192.168.166.137	10.0.180.225	host_97	app_2	user_4	hash_13509492103028038289	tbs_3	N/A	DELETE FROM table_4 WHERE department = 'Sales' AND department = 'Sales'	bind_vars_example
conn_766060978702446322	630	6	2024-11-16 12:08:55	DELETE	SUCCESS	192.168.32.58	10.0.204.54	host_96	app_4	user_1	hash_13192729039433057260	tbs_3	N/A	DELETE FROM table_1 WHERE department = 'HR' AND age > 22 AND department = 'HR'	bind_vars_example
conn_2556991351363253854	35	2	2024-11-16 12:08:55	SELECT	FAILURE	192.168.17.245	10.0.171.233	host_76	app_1	user_1	hash_15444270811545821177	tbs_3	salary, id, department, department	SELECT id FROM table_2 WHERE salary < 8342 AND name LIKE 'B%' AND age > 41	bind_vars_example
conn_17105436829383718294	551	8	2024-11-16 12:08:55	INSERT	FAILURE	192.168.27.25	10.0.37.90	host_25	app_1	user_4	hash_4740184538629243124	tbs_2	N/A	INSERT INTO table_1 (id, name, age, salary) VALUES (54, 'John Doe', 29, 3916)	bind_vars_example
conn_11588808370594280603	331	10	2024-11-16 12:08:55	SELECT	FAILURE	192.168.197.232	10.0.218.97	host_5	app_2	user_1	hash_6725842992813509269	tbs_1	name, name	SELECT age, name FROM table_1 WHERE age > 43	bind_vars_example
conn_491705424093475902	748	2	2024-11-16 12:08:55	DELETE	FAILURE	192.168.92.252	10.0.67.207	host_25	app_2	user_1	hash_3599547728799754951	tbs_1	N/A	DELETE FROM table_3 WHERE age > 46	bind_vars_example
conn_13783375896645481888	179	7	2024-11-16 12:08:55	UPDATE	SUCCESS	192.168.200.211	10.0.125.17	host_22	app_4	user_6	hash_11714994349229140833	tbs_1	N/A	UPDATE table_1 SET salary = 4548 WHERE name LIKE 'B%' AND name LIKE 'B%'	bind_vars_example
conn_503196009381884285	537	9	2024-11-16 12:08:55	INSERT	SUCCESS	192.168.236.235	10.0.154.153	host_37	app_3	user_1	hash_17625796360582403313	tbs_2	N/A	INSERT INTO table_2 (id, name, age, salary) VALUES (95, 'John Doe', 32, 6883)	bind_vars_example
conn_16558970770691236526	152	4	2024-11-16 12:08:55	UPDATE	SUCCESS	192.168.11.114	10.0.152.245	host_85	app_1	user_3	hash_12224188900157754614	tbs_4	N/A	UPDATE table_3 SET salary = 5322 WHERE age > 39 AND name LIKE 'C%' AND age > 39	bind_vars_example
conn_15863335387952913660	470	3	2024-11-16 12:08:55	INSERT	SUCCESS	192.168.213.109	10.0.31.240	host_96	app_4	user_1	hash_12202879931970291037	tbs_1	N/A	INSERT INTO table_1 (id, name, age, salary) VALUES (41, 'John Doe', 33, 7837)	bind_vars_example
conn_14693227656933543046	235	3	2024-11-16 12:08:55	SELECT	FAILURE	192.168.92.48	10.0.221.95	host_1	app_1	user_3	hash_4766443970686172304	tbs_4	id	SELECT salary, salary FROM table_1 WHERE age > 45	bind_vars_example
conn_2923137331092340817	35	6	2024-11-16 12:08:55	INSERT	SUCCESS	192.168.238.1	10.0.105.179	host_53	app_2	user_9	hash_5816312725994520572	tbs_1	N/A	INSERT INTO table_3 (id, name, age, salary) VALUES (11, 'John Doe', 43, 9075)	bind_vars_example
conn_11922313685139072717	290	8	2024-11-16 12:08:55	SELECT	FAILURE	192.168.123.223	10.0.214.26	host_93	app_2	user_3	hash_2505106308473229382	tbs_1	salary, department	SELECT id FROM table_2 WHERE age > 25 AND age > 25 AND age > 25	bind_vars_example
conn_153301605376139462	215	8	2024-11-16 12:08:55	SELECT	FAILURE	192.168.35.177	10.0.21.78	host_75	app_4	user_7	hash_9515504551988042069	tbs_3	name, department	SELECT name, salary, age, salary FROM table_2 WHERE name LIKE 'B%' AND department = 'Sales' AND department = 'Sales'	bind_vars_example
conn_5447292000428070670	133	10	2024-11-16 12:08:55	DELETE	FAILURE	192.168.167.200	10.0.152.125	host_74	app_4	user_1	hash_2347754335766649293	tbs_1	N/A	DELETE FROM table_4 WHERE age > 40	bind_vars_example
conn_11557490538937640241	707	8	2024-11-16 12:08:55	UPDATE	SUCCESS	192.168.2.175	10.0.103.205	host_26	app_2	user_5	hash_9980084087619228643	tbs_4	N/A	UPDATE table_4 SET salary = 6127 WHERE age > 36	bind_vars_example
conn_14567976564314685867	897	8	2024-11-16 12:08:55	INSERT	SUCCESS	192.168.127.98	10.0.239.83	host_4	app_1	user_2	hash_10484885659331076575	tbs_1	N/A	INSERT INTO table_2 (id, name, age, salary) VALUES (40, 'John Doe', 47, 6350)	bind_vars_example
conn_679793795781126857	711	3	2024-11-16 12:08:55	DELETE	SUCCESS	192.168.37.45	10.0.142.84	host_52	app_2	user_3	hash_2327381474308900509	tbs_3	N/A	DELETE FROM table_1 WHERE age > 46	bind_vars_example
conn_2349782696826017790	504	9	2024-11-16 12:08:55	DELETE	FAILURE	192.168.120.212	10.0.244.182	host_8	app_2	user_4	hash_3600109429641686875	tbs_2	N/A	DELETE FROM table_3 WHERE name LIKE 'B%' AND age > 45 AND age > 45	bind_vars_example
conn_6329849523297236332	67	7	2024-11-16 12:08:55	INSERT	SUCCESS	192.168.170.42	10.0.82.31	host_73	app_2	user_2	hash_2021452163213556891	tbs_4	N/A	INSERT INTO table_3 (id, name, age, salary) VALUES (96, 'John Doe', 26, 8129)	bind_vars_example
conn_11668729836654409820	717	8	2024-11-16 12:08:55	SELECT	SUCCESS	192.168.239.5	10.0.163.205	host_53	app_3	user_2	hash_8742195658193208384	tbs_3	age, department, id, age	SELECT department FROM table_3 WHERE name LIKE 'B%'	bind_vars_example
conn_985312220381032586	380	2	2024-11-16 12:08:55	DELETE	FAILURE	192.168.229.254	10.0.119.2	host_95	app_4	user_9	hash_11950385929874539700	tbs_3	N/A	DELETE FROM table_3 WHERE age > 35 AND salary < 7734	bind_vars_example
conn_2999574711744213126	773	4	2024-11-16 12:08:55	UPDATE	FAILURE	192.168.36.188	10.0.86.51	host_36	app_2	user_1	hash_3404841876244723199	tbs_3	N/A	UPDATE table_1 SET salary = 5137 WHERE name LIKE 'A%'	bind_vars_example
conn_13661784525213047449	850	4	2024-11-16 12:08:55	UPDATE	FAILURE	192.168.194.53	10.0.58.1	host_12	app_3	user_2	hash_3305466311215757570	tbs_2	N/A	UPDATE table_2 SET salary = 6549 WHERE name LIKE 'A%'	bind_vars_example
conn_8931231414278909869	164	2	2024-11-16 12:08:55	SELECT	FAILURE	192.168.111.0	10.0.162.178	host_94	app_3	user_2	hash_8040438371857002770	tbs_1	salary, salary, name, id	SELECT age, department, id FROM table_1 WHERE age > 20 AND department = 'Sales'	bind_vars_example
conn_15087845742180417776	548	5	2024-11-16 12:08:55	DELETE	FAILURE	192.168.49.35	10.0.193.119	host_71	app_1	user_5	hash_14523555810507564345	tbs_3	N/A	DELETE FROM table_4 WHERE department = 'HR' AND age > 39 AND department = 'HR'	bind_vars_example
conn_4775928798813249372	138	9	2024-11-16 12:08:55	DELETE	SUCCESS	192.168.95.112	10.0.108.157	host_68	app_4	user_1	hash_10360325580727452346	tbs_3	N/A	DELETE FROM table_4 WHERE department = 'HR'	bind_vars_example
conn_4534038561802164984	844	2	2024-11-16 12:08:55	UPDATE	FAILURE	192.168.183.250	10.0.68.114	host_33	app_2	user_4	hash_5058279969657070024	tbs_3	N/A	UPDATE table_4 SET salary = 8159 WHERE salary < 3738	bind_vars_example
conn_135172096013847074	490	5	2024-11-16 12:08:55	UPDATE	SUCCESS	192.168.151.77	10.0.164.117	host_85	app_2	user_3	hash_17956546006837638890	tbs_3	N/A	UPDATE table_3 SET salary = 7029 WHERE age > 30 AND name LIKE 'B%'	bind_vars_example
conn_2092107598671759751	425	7	2024-11-16 12:08:55	SELECT	SUCCESS	192.168.207.169	10.0.103.149	host_2	app_3	user_8	hash_7860243750699319036	tbs_1	name, age, name	SELECT id, id, id, salary FROM table_2 WHERE name LIKE 'B%'	bind_vars_example
conn_11920418762782747946	836	5	2024-11-16 12:08:55	DELETE	FAILURE	192.168.171.81	10.0.191.238	host_37	app_3	user_3	hash_3954998915505905167	tbs_3	N/A	DELETE FROM table_3 WHERE name LIKE 'C%' AND salary < 4809 AND department = 'HR'	bind_vars_example
conn_12142962676563752558	95	5	2024-11-16 12:08:55	INSERT	SUCCESS	192.168.133.87	10.0.127.23	host_88	app_1	user_6	hash_18076020181596912048	tbs_3	N/A	INSERT INTO table_4 (id, name, age, salary) VALUES (25, 'John Doe', 44, 8980)	bind_vars_example
conn_16077127881950484795	413	7	2024-11-16 12:08:55	DELETE	SUCCESS	192.168.243.201	10.0.69.212	host_79	app_4	user_5	hash_11954487215080814371	tbs_2	N/A	DELETE FROM table_3 WHERE age > 35	bind_vars_example
conn_16054457986779214301	881	3	2024-11-16 12:08:55	SELECT	FAILURE	192.168.18.176	10.0.84.26	host_38	app_3	user_9	hash_4175499710628457349	tbs_1	salary, salary	SELECT salary, id, name FROM table_4 WHERE department = 'Engineering' AND department = 'Engineering' AND department = 'Engineering'	bind_vars_example
conn_10550604254358958225	902	3	2024-11-16 12:08:55	UPDATE	FAILURE	192.168.52.127	10.0.52.155	host_52	app_2	user_3	hash_8624551787589018248	tbs_2	N/A	UPDATE table_3 SET salary = 7589 WHERE name LIKE 'A%' AND name LIKE 'A%' AND salary < 3826	bind_vars_example
conn_262603255770018703	96	1	2024-11-16 12:08:55	SELECT	SUCCESS	192.168.3.250	10.0.113.229	host_9	app_1	user_8	hash_2005626291852597086	tbs_4	age, salary, id, name	SELECT department, name FROM table_4 WHERE salary < 8413 AND department = 'Sales' AND department = 'Sales'	bind_vars_example
conn_4268627473469085148	435	1	2024-11-16 12:08:55	INSERT	FAILURE	192.168.214.137	10.0.182.232	host_16	app_4	user_3	hash_133973982903885860	tbs_1	N/A	INSERT INTO table_4 (id, name, age, salary) VALUES (66, 'John Doe', 44, 3065)	bind_vars_example
conn_1654044890038548011	81	1	2024-11-16 12:08:55	DELETE	FAILURE	192.168.119.21	10.0.44.64	host_90	app_4	user_7	hash_15769022883267591763	tbs_3	N/A	DELETE FROM table_1 WHERE department = 'HR' AND name LIKE 'C%' AND salary < 5178	bind_vars_example
conn_10265927940812430461	749	10	2024-11-16 12:08:55	UPDATE	FAILURE	192.168.208.205	10.0.21.55	host_59	app_2	user_5	hash_12298093966837399047	tbs_4	N/A	UPDATE table_1 SET salary = 3074 WHERE department = 'HR' AND age > 25 AND age > 25	bind_vars_example
conn_15715190158241628522	259	1	2024-11-16 12:08:55	UPDATE	FAILURE	192.168.219.250	10.0.29.172	host_78	app_2	user_7	hash_17831878574051156123	tbs_3	N/A	UPDATE table_1 SET salary = 6858 WHERE age > 33	bind_vars_example
conn_11524601225435705352	141	5	2024-11-16 12:08:55	DELETE	SUCCESS	192.168.198.126	10.0.150.13	host_34	app_2	user_8	hash_2382563231260399039	tbs_1	N/A	DELETE FROM table_3 WHERE age > 27	bind_vars_example
conn_5267008465216744798	894	9	2024-11-16 12:08:55	SELECT	SUCCESS	192.168.193.213	10.0.55.58	host_78	app_2	user_9	hash_1802395937459971733	tbs_3	department, salary	SELECT age FROM table_2 WHERE department = 'Engineering' AND name LIKE 'C%' AND department = 'Engineering'	bind_vars_example
conn_16753785300144583754	511	10	2024-11-16 12:08:55	UPDATE	SUCCESS	192.168.240.188	10.0.127.245	host_91	app_1	user_6	hash_11585194378640459359	tbs_1	N/A	UPDATE table_4 SET salary = 3234 WHERE age > 40	bind_vars_example
conn_114677511380469965	607	2	2024-11-16 12:08:55	UPDATE	FAILURE	192.168.72.51	10.0.237.146	host_30	app_2	user_1	hash_16138426679097198646	tbs_2	N/A	UPDATE table_3 SET salary = 7295 WHERE name LIKE 'A%'	bind_vars_example
conn_678974492865078379	270	8	2024-11-16 12:08:55	SELECT	SUCCESS	192.168.85.104	10.0.146.59	host_35	app_2	user_8	hash_3528921076163254949	tbs_4	department	SELECT salary, id, name, age FROM table_4 WHERE age > 33	bind_vars_example
conn_1239615212590320795	214	1	2024-11-16 12:08:55	DELETE	SUCCESS	192.168.249.240	10.0.39.202	host_40	app_4	user_5	hash_17999669658782037531	tbs_2	N/A	DELETE FROM table_3 WHERE name LIKE 'C%'	bind_vars_example
conn_11965538945326391058	555	10	2024-11-16 12:08:55	UPDATE	FAILURE	192.168.247.71	10.0.150.21	host_40	app_3	user_6	hash_18212307411304410779	tbs_4	N/A	UPDATE table_1 SET salary = 5495 WHERE salary < 8552 AND age > 48 AND age > 48	bind_vars_example
conn_11976675689578624491	785	1	2024-11-16 12:08:55	INSERT	SUCCESS	192.168.63.4	10.0.155.5	host_33	app_4	user_1	hash_11630140454673845579	tbs_3	N/A	INSERT INTO table_1 (id, name, age, salary) VALUES (73, 'John Doe', 49, 7939)	bind_vars_example
conn_2822797638792662091	65	5	2024-11-16 12:08:55	INSERT	FAILURE	192.168.176.228	10.0.40.112	host_78	app_1	user_2	hash_2283107122768710618	tbs_1	N/A	INSERT INTO table_1 (id, name, age, salary) VALUES (51, 'John Doe', 33, 5243)	bind_vars_example
conn_1156532989086044150	330	10	2024-11-16 12:08:55	SELECT	SUCCESS	192.168.90.5	10.0.174.12	host_11	app_3	user_1	hash_935978711440790349	tbs_1	salary, salary, id, age	SELECT salary, name, id, salary FROM table_3 WHERE salary < 3167 AND age > 38 AND age > 38	bind_vars_example
conn_16638785211815743669	636	2	2024-11-16 12:08:55	INSERT	SUCCESS	192.168.151.191	10.0.134.152	host_36	app_3	user_6	hash_4631127917376353249	tbs_1	N/A	INSERT INTO table_4 (id, name, age, salary) VALUES (33, 'John Doe', 44, 5798)	bind_vars_example
conn_3955517199021847090	549	2	2024-11-16 12:08:55	UPDATE	SUCCESS	192.168.168.5	10.0.147.43	host_51	app_1	user_7	hash_2339067117388492362	tbs_3	N/A	UPDATE table_4 SET salary = 8050 WHERE department = 'Engineering' AND age > 37 AND department = 'Engineering'	bind_vars_example
conn_9951224826538682899	548	10	2024-11-16 12:08:55	SELECT	FAILURE	192.168.71.74	10.0.147.11	host_82	app_3	user_6	hash_3173592869999177620	tbs_3	id, salary, department	SELECT name FROM table_3 WHERE department = 'Sales' AND salary < 5801 AND name LIKE 'C%'	bind_vars_example
conn_15264436803483481743	303	1	2024-11-16 12:08:55	SELECT	FAILURE	192.168.35.24	10.0.136.95	host_37	app_1	user_4	hash_345789031746462685	tbs_4	salary	SELECT age, salary FROM table_2 WHERE department = 'Engineering'	bind_vars_example
conn_1708041191438643399	868	5	2024-11-16 12:08:55	DELETE	SUCCESS	192.168.74.48	10.0.82.214	host_91	app_1	user_2	hash_5777533545224305795	tbs_1	N/A	DELETE FROM table_4 WHERE salary < 5291 AND salary < 5291	bind_vars_example
conn_1271558723033759667	901	10	2024-11-16 12:08:55	INSERT	FAILURE	192.168.153.75	10.0.13.133	host_50	app_4	user_2	hash_1753859499923951335	tbs_2	N/A	INSERT INTO table_3 (id, name, age, salary) VALUES (79, 'John Doe', 32, 6020)	bind_vars_example
conn_14571688617653849580	561	1	2024-11-16 12:08:55	DELETE	SUCCESS	192.168.238.241	10.0.171.99	host_28	app_1	user_2	hash_18079478194786224834	tbs_1	N/A	DELETE FROM table_4 WHERE salary < 7597	bind_vars_example
conn_8296953593469053332	145	6	2024-11-16 12:08:55	UPDATE	FAILURE	192.168.144.152	10.0.126.132	host_78	app_3	user_3	hash_11606800924322034372	tbs_1	N/A	UPDATE table_1 SET salary = 5279 WHERE department = 'Sales'	bind_vars_example
conn_17050692338834719380	153	3	2024-11-16 12:08:55	INSERT	SUCCESS	192.168.199.226	10.0.26.124	host_16	app_2	user_3	hash_5302597189066932197	tbs_2	N/A	INSERT INTO table_4 (id, name, age, salary) VALUES (79, 'John Doe', 21, 6710)	bind_vars_example
conn_18003357906635090898	988	1	2024-11-16 12:08:55	DELETE	FAILURE	192.168.162.213	10.0.241.139	host_95	app_4	user_8	hash_15853427434665606474	tbs_1	N/A	DELETE FROM table_2 WHERE department = 'HR'	bind_vars_example
conn_808230211399619982	627	10	2024-11-16 12:08:55	INSERT	FAILURE	192.168.143.56	10.0.149.215	host_32	app_4	user_3	hash_16100130575393124844	tbs_4	N/A	INSERT INTO table_2 (id, name, age, salary) VALUES (32, 'John Doe', 42, 6090)	bind_vars_example
conn_13779445260732757417	915	4	2024-11-16 12:08:55	DELETE	FAILURE	192.168.238.195	10.0.131.61	host_99	app_4	user_4	hash_2049947890927628667	tbs_2	N/A	DELETE FROM table_3 WHERE age > 35 AND name LIKE 'A%' AND department = 'HR'	bind_vars_example
conn_4204022640265464459	661	6	2024-11-16 12:08:55	UPDATE	FAILURE	192.168.209.83	10.0.195.218	host_65	app_2	user_8	hash_8655619051552033945	tbs_3	N/A	UPDATE table_4 SET salary = 3127 WHERE department = 'Engineering' AND department = 'Engineering' AND salary < 7823	bind_vars_example
conn_3723061810125990225	754	4	2024-11-16 12:08:55	UPDATE	SUCCESS	192.168.93.253	10.0.165.171	host_64	app_1	user_5	hash_10420604003204881819	tbs_1	N/A	UPDATE table_3 SET salary = 5399 WHERE age > 21	bind_vars_example
conn_14741313455105826603	328	7	2024-11-16 12:08:55	UPDATE	SUCCESS	192.168.41.236	10.0.14.233	host_2	app_4	user_5	hash_5268702225048870060	tbs_1	N/A	UPDATE table_3 SET salary = 9751 WHERE name LIKE 'B%' AND name LIKE 'B%' AND department = 'Engineering'	bind_vars_example
conn_16358035691711349969	28	9	2024-11-16 12:08:55	DELETE	SUCCESS	192.168.254.222	10.0.170.45	host_49	app_1	user_8	hash_5936079627219844554	tbs_4	N/A	DELETE FROM table_4 WHERE name LIKE 'B%'	bind_vars_example
conn_2035352584988821254	217	7	2024-11-16 12:08:55	SELECT	SUCCESS	192.168.216.203	10.0.129.57	host_13	app_1	user_6	hash_215777346834695167	tbs_1	age, id, name	SELECT name, age, id FROM table_1 WHERE salary < 5604 AND age > 27 AND department = 'HR'	bind_vars_example
conn_13686394025255024875	507	5	2024-11-16 12:08:55	DELETE	SUCCESS	192.168.203.238	10.0.20.19	host_78	app_3	user_8	hash_2567352207978319614	tbs_4	N/A	DELETE FROM table_2 WHERE department = 'Engineering' AND age > 47 AND age > 47	bind_vars_example
conn_5140151277429772829	933	3	2024-11-16 12:08:55	INSERT	FAILURE	192.168.201.54	10.0.20.149	host_81	app_1	user_8	hash_13977273301394128559	tbs_3	N/A	INSERT INTO table_1 (id, name, age, salary) VALUES (65, 'John Doe', 33, 4653)	bind_vars_example
conn_10125506009495565152	302	4	2024-11-16 12:08:55	INSERT	SUCCESS	192.168.106.63	10.0.44.224	host_64	app_1	user_9	hash_6716248214208546525	tbs_4	N/A	INSERT INTO table_3 (id, name, age, salary) VALUES (74, 'John Doe', 23, 4591)	bind_vars_example
conn_10313788838159496105	153	7	2024-11-16 12:08:55	SELECT	SUCCESS	192.168.157.92	10.0.56.73	host_1	app_4	user_5	hash_767306757458889181	tbs_1	salary	SELECT id, age, id, id FROM table_3 WHERE department = 'HR'	bind_vars_example
conn_10756720075717140739	428	8	2024-11-16 12:08:55	UPDATE	FAILURE	192.168.12.16	10.0.166.114	host_82	app_1	user_5	hash_4510237080088260795	tbs_1	N/A	UPDATE table_4 SET salary = 3048 WHERE department = 'Sales' AND name LIKE 'B%' AND age > 37	bind_vars_example
conn_12538655230843856663	863	8	2024-11-16 12:08:55	INSERT	SUCCESS	192.168.241.123	10.0.216.235	host_19	app_2	user_6	hash_3353879286745293804	tbs_2	N/A	INSERT INTO table_3 (id, name, age, salary) VALUES (76, 'John Doe', 41, 6753)	bind_vars_example
conn_1997006611111619084	858	10	2024-11-16 12:08:55	DELETE	FAILURE	192.168.45.13	10.0.209.222	host_99	app_2	user_7	hash_5013322087938394454	tbs_4	N/A	DELETE FROM table_4 WHERE department = 'HR'	bind_vars_example
conn_7677905263556034918	428	3	2024-11-16 12:08:55	SELECT	SUCCESS	192.168.247.232	10.0.120.165	host_10	app_1	user_1	hash_2211791136933437108	tbs_1	salary, age, name	SELECT name, name, age, department FROM table_3 WHERE salary < 9685 AND age > 31	bind_vars_example
conn_14592776291899128894	381	7	2024-11-16 12:08:55	UPDATE	SUCCESS	192.168.241.144	10.0.47.46	host_52	app_2	user_3	hash_6511027888051982084	tbs_4	N/A	UPDATE table_3 SET salary = 5176 WHERE name LIKE 'B%'	bind_vars_example
conn_5556720102547964284	344	3	2024-11-16 12:08:55	SELECT	FAILURE	192.168.0.195	10.0.117.2	host_92	app_3	user_1	hash_731994092429195053	tbs_3	department, age	SELECT salary, age, salary, salary FROM table_4 WHERE age > 25	bind_vars_example
conn_7259283798259572428	639	3	2024-11-16 12:08:55	INSERT	FAILURE	192.168.156.109	10.0.23.234	host_19	app_4	user_3	hash_115817680924143716	tbs_3	N/A	INSERT INTO table_4 (id, name, age, salary) VALUES (72, 'John Doe', 45, 6769)	bind_vars_example
conn_4710987005369625302	939	10	2024-11-16 12:08:55	INSERT	FAILURE	192.168.163.138	10.0.17.187	host_38	app_3	user_2	hash_12416798968433285844	tbs_4	N/A	INSERT INTO table_3 (id, name, age, salary) VALUES (39, 'John Doe', 22, 8041)	bind_vars_example
conn_12454163837672990402	239	9	2024-11-16 12:08:55	SELECT	SUCCESS	192.168.91.135	10.0.117.173	host_92	app_4	user_7	hash_16250795723600999466	tbs_4	id	SELECT department, age FROM table_3 WHERE name LIKE 'A%'	bind_vars_example
conn_17307360228855206729	27	10	2024-11-16 12:08:55	INSERT	FAILURE	192.168.203.118	10.0.85.112	host_74	app_1	user_5	hash_12247892801959265171	tbs_3	N/A	INSERT INTO table_3 (id, name, age, salary) VALUES (16, 'John Doe', 44, 6045)	bind_vars_example
conn_12290973158064393664	222	2	2024-11-16 12:08:55	DELETE	SUCCESS	192.168.239.149	10.0.13.205	host_14	app_1	user_5	hash_12271768283872378931	tbs_2	N/A	DELETE FROM table_3 WHERE salary < 3318 AND department = 'Engineering' AND name LIKE 'B%'	bind_vars_example
conn_2713894050896660825	628	2	2024-11-16 12:08:55	SELECT	FAILURE	192.168.212.32	10.0.102.41	host_37	app_1	user_9	hash_8634011029255235951	tbs_2	age, age, department, id	SELECT salary, id, salary, age FROM table_2 WHERE age > 25	bind_vars_example
conn_1638374429304441229	801	7	2024-11-16 12:08:55	DELETE	FAILURE	192.168.126.45	10.0.134.23	host_74	app_2	user_2	hash_7714471030308030252	tbs_4	N/A	DELETE FROM table_2 WHERE department = 'Sales' AND age > 33	bind_vars_example
conn_3193510110785028074	442	7	2024-11-16 12:08:55	DELETE	FAILURE	192.168.128.0	10.0.69.195	host_70	app_4	user_4	hash_10585847461726161414	tbs_3	N/A	DELETE FROM table_4 WHERE department = 'Engineering' AND name LIKE 'C%'	bind_vars_example
conn_14143983509336225899	563	5	2024-11-16 12:08:55	INSERT	FAILURE	192.168.88.20	10.0.12.96	host_48	app_4	user_4	hash_3601414476768946449	tbs_4	N/A	INSERT INTO table_3 (id, name, age, salary) VALUES (9, 'John Doe', 42, 6288)	bind_vars_example
conn_12077078219237795830	828	3	2024-11-16 12:08:55	INSERT	FAILURE	192.168.113.242	10.0.196.185	host_55	app_2	user_7	hash_14001875409543844433	tbs_4	N/A	INSERT INTO table_1 (id, name, age, salary) VALUES (14, 'John Doe', 30, 6791)	bind_vars_example
conn_14965907197343006831	209	4	2024-11-16 12:08:55	UPDATE	SUCCESS	192.168.205.128	10.0.82.139	host_76	app_3	user_7	hash_17828502242928121094	tbs_1	N/A	UPDATE table_1 SET salary = 7341 WHERE department = 'Sales'	bind_vars_example
conn_220293367234306334	228	6	2024-11-16 12:08:55	DELETE	SUCCESS	192.168.172.218	10.0.203.160	host_33	app_2	user_1	hash_7469093489010631222	tbs_3	N/A	DELETE FROM table_2 WHERE age > 23 AND department = 'HR'	bind_vars_example
conn_14407552556570780827	360	2	2024-11-16 12:08:55	DELETE	SUCCESS	192.168.34.150	10.0.69.84	host_29	app_3	user_7	hash_14434430444440174178	tbs_2	N/A	DELETE FROM table_3 WHERE department = 'HR'	bind_vars_example
conn_11279711045940174979	245	10	2024-11-16 12:08:55	INSERT	SUCCESS	192.168.127.242	10.0.41.194	host_18	app_4	user_6	hash_17650229614734351078	tbs_1	N/A	INSERT INTO table_3 (id, name, age, salary) VALUES (57, 'John Doe', 48, 4267)	bind_vars_example
conn_9413652223563669811	872	10	2024-11-16 12:08:55	UPDATE	FAILURE	192.168.247.147	10.0.238.187	host_32	app_2	user_3	hash_6802039293305239596	tbs_3	N/A	UPDATE table_2 SET salary = 7938 WHERE name LIKE 'A%'	bind_vars_example
conn_279370933953864920	988	5	2024-11-16 12:08:55	INSERT	SUCCESS	192.168.168.45	10.0.6.179	host_34	app_1	user_3	hash_2134999068367012742	tbs_2	N/A	INSERT INTO table_3 (id, name, age, salary) VALUES (72, 'John Doe', 47, 4026)	bind_vars_example
conn_2774231241576852489	285	8	2024-11-16 12:08:55	INSERT	FAILURE	192.168.16.251	10.0.250.132	host_45	app_2	user_8	hash_778066007375678138	tbs_2	N/A	INSERT INTO table_2 (id, name, age, salary) VALUES (43, 'John Doe', 49, 9311)	bind_vars_example
conn_14985116917163338078	459	2	2024-11-16 12:08:55	DELETE	SUCCESS	192.168.73.208	10.0.95.188	host_86	app_1	user_1	hash_1355001330864794403	tbs_3	N/A	DELETE FROM table_3 WHERE department = 'Sales' AND salary < 8295 AND age > 44	bind_vars_example
conn_7190809969552854237	881	8	2024-11-16 12:08:55	UPDATE	SUCCESS	192.168.148.159	10.0.254.5	host_52	app_2	user_9	hash_7957805632224681732	tbs_1	N/A	UPDATE table_2 SET salary = 5373 WHERE department = 'Sales' AND age > 27	bind_vars_example
conn_8785161262877704853	274	8	2024-11-16 12:08:55	INSERT	SUCCESS	192.168.0.85	10.0.3.74	host_95	app_2	user_5	hash_5536485743121954734	tbs_3	N/A	INSERT INTO table_4 (id, name, age, salary) VALUES (2, 'John Doe', 22, 3993)	bind_vars_example
conn_6510225918788875678	432	2	2024-11-16 12:08:55	DELETE	FAILURE	192.168.253.136	10.0.169.12	host_44	app_4	user_8	hash_10729974102098148492	tbs_4	N/A	DELETE FROM table_4 WHERE age > 26	bind_vars_example
conn_9150929824622767134	996	7	2024-11-16 12:08:55	INSERT	FAILURE	192.168.36.201	10.0.249.53	host_99	app_2	user_4	hash_13867885311064914051	tbs_4	N/A	INSERT INTO table_1 (id, name, age, salary) VALUES (81, 'John Doe', 34, 4499)	bind_vars_example
conn_2705747079384799472	601	7	2024-11-16 12:08:55	UPDATE	FAILURE	192.168.84.180	10.0.53.246	host_70	app_3	user_6	hash_13122538393048705604	tbs_4	N/A	UPDATE table_3 SET salary = 7678 WHERE age > 46 AND age > 46 AND name LIKE 'A%'	bind_vars_example
conn_16884633262992521464	260	5	2024-11-16 12:08:55	INSERT	FAILURE	192.168.190.220	10.0.34.78	host_77	app_2	user_7	hash_6739817788173842014	tbs_4	N/A	INSERT INTO table_3 (id, name, age, salary) VALUES (73, 'John Doe', 30, 9546)	bind_vars_example
conn_1002007537660956482	282	4	2024-11-16 12:08:55	DELETE	FAILURE	192.168.137.210	10.0.195.105	host_32	app_1	user_3	hash_8149783655243721031	tbs_2	N/A	DELETE FROM table_2 WHERE age > 27 AND age > 27 AND department = 'Sales'	bind_vars_example
conn_15049860504523379206	546	3	2024-11-16 12:08:55	UPDATE	SUCCESS	192.168.173.21	10.0.74.196	host_55	app_1	user_5	hash_12692920512488444043	tbs_2	N/A	UPDATE table_3 SET salary = 5820 WHERE name LIKE 'A%' AND name LIKE 'A%'	bind_vars_example
conn_2772799880931026448	896	2	2024-11-16 12:08:55	DELETE	FAILURE	192.168.81.88	10.0.156.40	host_13	app_3	user_1	hash_6354752387293329047	tbs_3	N/A	DELETE FROM table_2 WHERE department = 'HR' AND name LIKE 'A%' AND age > 46	bind_vars_example
conn_8290413100856939849	466	5	2024-11-16 12:08:55	UPDATE	FAILURE	192.168.186.105	10.0.235.83	host_73	app_2	user_8	hash_11360514172488079587	tbs_4	N/A	UPDATE table_2 SET salary = 6063 WHERE department = 'Sales' AND salary < 7755 AND name LIKE 'C%'	bind_vars_example
conn_9243298894976322271	689	9	2024-11-16 12:08:55	UPDATE	SUCCESS	192.168.169.76	10.0.49.169	host_76	app_1	user_3	hash_16074004735300233382	tbs_1	N/A	UPDATE table_3 SET salary = 8496 WHERE name LIKE 'A%' AND department = 'Sales' AND age > 40	bind_vars_example
conn_17052964554464953305	263	10	2024-11-16 12:08:55	INSERT	FAILURE	192.168.14.146	10.0.248.200	host_27	app_1	user_1	hash_10263534748302561948	tbs_4	N/A	INSERT INTO table_3 (id, name, age, salary) VALUES (32, 'John Doe', 45, 7771)	bind_vars_example
conn_8042318780288339782	267	6	2024-11-16 12:08:55	SELECT	FAILURE	192.168.34.136	10.0.60.18	host_19	app_3	user_8	hash_8132525902189429483	tbs_1	department, name	SELECT salary FROM table_2 WHERE salary < 7358 AND department = 'HR' AND department = 'HR'	bind_vars_example
conn_8440502850955234341	137	6	2024-11-16 12:08:55	INSERT	FAILURE	192.168.222.87	10.0.114.220	host_40	app_1	user_7	hash_4391342757662210626	tbs_1	N/A	INSERT INTO table_2 (id, name, age, salary) VALUES (18, 'John Doe', 46, 4559)	bind_vars_example
conn_12447316684407559047	868	10	2024-11-16 12:08:55	UPDATE	FAILURE	192.168.55.249	10.0.174.110	host_49	app_1	user_7	hash_12618472431777421983	tbs_4	N/A	UPDATE table_1 SET salary = 7516 WHERE name LIKE 'A%'	bind_vars_example
conn_9687397094521991699	152	7	2024-11-16 12:08:55	DELETE	FAILURE	192.168.50.174	10.0.138.37	host_66	app_4	user_5	hash_8013650261788998298	tbs_1	N/A	DELETE FROM table_2 WHERE age > 22 AND department = 'HR' AND age > 22	bind_vars_example
conn_13740233869170201626	68	2	2024-11-16 12:08:55	DELETE	FAILURE	192.168.240.245	10.0.30.74	host_74	app_2	user_3	hash_17875543268966664990	tbs_3	N/A	DELETE FROM table_4 WHERE age > 46	bind_vars_example
conn_1834308170501817891	601	1	2024-11-16 12:08:55	SELECT	FAILURE	192.168.99.160	10.0.45.44	host_69	app_3	user_5	hash_6329734484140613419	tbs_4	department, name, name, name	SELECT salary FROM table_1 WHERE department = 'Engineering'	bind_vars_example
conn_13165981141714655488	675	2	2024-11-16 12:08:55	DELETE	SUCCESS	192.168.14.55	10.0.182.166	host_20	app_3	user_1	hash_12356384194635637263	tbs_3	N/A	DELETE FROM table_4 WHERE age > 20	bind_vars_example
conn_10076632606872457029	186	6	2024-11-16 12:08:55	UPDATE	FAILURE	192.168.178.29	10.0.101.130	host_7	app_3	user_8	hash_1455569919743804958	tbs_1	N/A	UPDATE table_2 SET salary = 4124 WHERE age > 29 AND name LIKE 'A%'	bind_vars_example
conn_1219193929638476373	427	5	2024-11-16 12:08:55	INSERT	FAILURE	192.168.185.172	10.0.206.70	host_76	app_2	user_5	hash_1949074645036812609	tbs_2	N/A	INSERT INTO table_1 (id, name, age, salary) VALUES (4, 'John Doe', 46, 9278)	bind_vars_example
conn_4342923736607867877	147	7	2024-11-16 12:08:55	SELECT	FAILURE	192.168.91.196	10.0.40.164	host_92	app_3	user_1	hash_16281432240314201906	tbs_3	id, id, department, id	SELECT department FROM table_2 WHERE salary < 5392	bind_vars_example
conn_11464912185703132859	960	4	2024-11-16 12:08:55	DELETE	SUCCESS	192.168.33.61	10.0.100.38	host_34	app_1	user_4	hash_7866803632700412316	tbs_2	N/A	DELETE FROM table_2 WHERE age > 44 AND salary < 7217 AND salary < 7217	bind_vars_example
conn_8732567784655625140	945	5	2024-11-16 12:08:55	INSERT	FAILURE	192.168.104.22	10.0.31.41	host_15	app_4	user_6	hash_906352525318506142	tbs_1	N/A	INSERT INTO table_4 (id, name, age, salary) VALUES (32, 'John Doe', 41, 5078)	bind_vars_example
conn_17854204432658096091	247	5	2024-11-16 12:08:55	DELETE	FAILURE	192.168.134.40	10.0.249.7	host_13	app_3	user_8	hash_12809717422114488844	tbs_4	N/A	DELETE FROM table_1 WHERE name LIKE 'B%' AND name LIKE 'B%' AND name LIKE 'B%'	bind_vars_example
conn_2685244861432212427	741	3	2024-11-16 12:08:55	DELETE	FAILURE	192.168.48.15	10.0.84.152	host_14	app_4	user_9	hash_10139304014829906045	tbs_1	N/A	DELETE FROM table_2 WHERE salary < 8217 AND age > 42 AND department = 'HR'	bind_vars_example
conn_9876198273241826784	366	10	2024-11-16 12:08:55	DELETE	FAILURE	192.168.8.169	10.0.34.180	host_49	app_3	user_7	hash_8021267473475551445	tbs_3	N/A	DELETE FROM table_1 WHERE department = 'HR'	bind_vars_example
conn_3740550070104153408	105	1	2024-11-16 12:08:55	DELETE	SUCCESS	192.168.227.157	10.0.18.15	host_73	app_2	user_7	hash_10213742591498949401	tbs_1	N/A	DELETE FROM table_3 WHERE name LIKE 'A%'	bind_vars_example
conn_2182191267838267859	145	8	2024-11-16 12:08:55	UPDATE	SUCCESS	192.168.64.63	10.0.175.153	host_78	app_2	user_7	hash_6369806077272679172	tbs_4	N/A	UPDATE table_4 SET salary = 6433 WHERE salary < 4719 AND salary < 4719	bind_vars_example
conn_9327509458676761431	105	6	2024-11-16 12:08:55	SELECT	FAILURE	192.168.142.12	10.0.43.237	host_21	app_3	user_8	hash_7516755094129958906	tbs_3	age, department, id	SELECT salary, id FROM table_3 WHERE department = 'Engineering' AND salary < 4562 AND name LIKE 'C%'	bind_vars_example
conn_13660192884408762554	504	9	2024-11-16 12:08:55	INSERT	SUCCESS	192.168.75.156	10.0.78.70	host_42	app_4	user_8	hash_4531996275191434763	tbs_2	N/A	INSERT INTO table_2 (id, name, age, salary) VALUES (90, 'John Doe', 48, 9349)	bind_vars_example
conn_6840554293075239321	102	3	2024-11-16 12:08:55	INSERT	FAILURE	192.168.13.143	10.0.7.149	host_98	app_3	user_3	hash_12644622152815121189	tbs_4	N/A	INSERT INTO table_1 (id, name, age, salary) VALUES (35, 'John Doe', 49, 4594)	bind_vars_example
conn_3456194701342621842	16	1	2024-11-16 12:08:55	SELECT	SUCCESS	192.168.128.66	10.0.147.50	host_35	app_4	user_1	hash_6113892224367718711	tbs_4	age, name, name, age	SELECT salary FROM table_1 WHERE salary < 9563 AND department = 'Sales' AND name LIKE 'B%'	bind_vars_example
conn_12633162204826392777	976	6	2024-11-16 12:08:55	DELETE	FAILURE	192.168.14.180	10.0.95.103	host_81	app_2	user_7	hash_6439544083912981340	tbs_4	N/A	DELETE FROM table_3 WHERE salary < 5738 AND salary < 5738	bind_vars_example
conn_7449178108914122020	666	8	2024-11-16 12:08:55	UPDATE	SUCCESS	192.168.246.45	10.0.184.25	host_67	app_3	user_4	hash_13471937332067727298	tbs_4	N/A	UPDATE table_1 SET salary = 8061 WHERE department = 'Engineering'	bind_vars_example
conn_7842290226348659400	63	5	2024-11-16 12:08:55	UPDATE	FAILURE	192.168.172.204	10.0.40.92	host_46	app_2	user_3	hash_8477094689162009465	tbs_3	N/A	UPDATE table_1 SET salary = 9302 WHERE name LIKE 'B%'	bind_vars_example
conn_10318548470731853201	867	3	2024-11-16 12:08:55	INSERT	SUCCESS	192.168.30.209	10.0.61.232	host_85	app_1	user_7	hash_2240534847812345232	tbs_1	N/A	INSERT INTO table_2 (id, name, age, salary) VALUES (65, 'John Doe', 45, 5626)	bind_vars_example
conn_11537464692274914915	796	4	2024-11-16 12:08:55	DELETE	SUCCESS	192.168.174.66	10.0.37.190	host_51	app_1	user_4	hash_15600784950583417204	tbs_3	N/A	DELETE FROM table_2 WHERE department = 'HR' AND age > 48	bind_vars_example
conn_2528973208180576587	606	5	2024-11-16 12:08:55	INSERT	SUCCESS	192.168.222.120	10.0.213.253	host_61	app_4	user_1	hash_5121680184874302502	tbs_4	N/A	INSERT INTO table_4 (id, name, age, salary) VALUES (22, 'John Doe', 26, 5881)	bind_vars_example
conn_5578052715011002927	581	1	2024-11-16 12:08:55	SELECT	FAILURE	192.168.131.191	10.0.223.122	host_38	app_4	user_3	hash_16760580435286653957	tbs_2	id, id	SELECT name FROM table_3 WHERE name LIKE 'C%' AND salary < 5902 AND age > 24	bind_vars_example
conn_7982886872825677792	900	5	2024-11-16 12:08:55	DELETE	SUCCESS	192.168.0.231	10.0.250.6	host_8	app_1	user_3	hash_7249410233050552855	tbs_4	N/A	DELETE FROM table_1 WHERE department = 'HR'	bind_vars_example
conn_11966577114878296811	62	4	2024-11-16 12:08:55	SELECT	FAILURE	192.168.80.228	10.0.251.26	host_83	app_2	user_1	hash_8285561034539897894	tbs_1	name, name, age	SELECT id FROM table_3 WHERE age > 20	bind_vars_example
conn_12347456091998033313	373	3	2024-11-16 12:08:55	SELECT	SUCCESS	192.168.34.192	10.0.197.31	host_96	app_4	user_4	hash_379637839988166420	tbs_3	age	SELECT name, id FROM table_2 WHERE age > 36	bind_vars_example
conn_5886385304818551726	827	6	2024-11-16 12:08:55	SELECT	SUCCESS	192.168.11.76	10.0.3.106	host_98	app_2	user_8	hash_17665638217541643713	tbs_1	salary, name, id, id	SELECT name FROM table_4 WHERE department = 'HR' AND salary < 5135 AND salary < 5135	bind_vars_example
conn_10326165908970086444	894	3	2024-11-16 12:08:55	DELETE	SUCCESS	192.168.22.115	10.0.68.181	host_60	app_3	user_4	hash_3142481390441101860	tbs_4	N/A	DELETE FROM table_3 WHERE name LIKE 'B%' AND age > 33 AND salary < 7724	bind_vars_example
conn_4676471711965072841	397	5	2024-11-16 12:08:55	DELETE	SUCCESS	192.168.24.219	10.0.183.231	host_88	app_4	user_4	hash_3942617877244296822	tbs_3	N/A	DELETE FROM table_4 WHERE name LIKE 'B%' AND name LIKE 'B%' AND name LIKE 'B%'	bind_vars_example
conn_13450710796567625801	138	2	2024-11-16 12:08:55	SELECT	SUCCESS	192.168.197.83	10.0.170.201	host_62	app_3	user_3	hash_13389792282875784653	tbs_4	department, id	SELECT salary, name FROM table_1 WHERE name LIKE 'B%'	bind_vars_example
conn_5335273756582813896	976	4	2024-11-16 12:08:55	DELETE	SUCCESS	192.168.48.240	10.0.101.238	host_14	app_1	user_4	hash_4980968772984091876	tbs_4	N/A	DELETE FROM table_4 WHERE salary < 7370 AND salary < 7370	bind_vars_example
conn_4818116908627267980	468	8	2024-11-16 12:08:55	UPDATE	FAILURE	192.168.214.134	10.0.246.16	host_37	app_2	user_1	hash_17935810787297788482	tbs_4	N/A	UPDATE table_4 SET salary = 4975 WHERE name LIKE 'C%' AND salary < 5222	bind_vars_example
conn_7994091011271870845	805	1	2024-11-16 12:08:55	SELECT	SUCCESS	192.168.187.106	10.0.23.150	host_72	app_3	user_7	hash_14597914078451705852	tbs_3	salary, salary, age	SELECT age, name FROM table_1 WHERE age > 21 AND department = 'Engineering' AND age > 21	bind_vars_example
conn_16827981286231359998	174	3	2024-11-16 12:08:55	UPDATE	SUCCESS	192.168.20.20	10.0.207.172	host_55	app_1	user_6	hash_18058614936455885566	tbs_4	N/A	UPDATE table_1 SET salary = 5512 WHERE name LIKE 'B%'	bind_vars_example
conn_5941987337586678647	313	10	2024-11-16 12:08:55	INSERT	SUCCESS	192.168.179.52	10.0.110.118	host_15	app_1	user_5	hash_2854452988851395128	tbs_4	N/A	INSERT INTO table_4 (id, name, age, salary) VALUES (74, 'John Doe', 48, 7430)	bind_vars_example
